{"Occupation":"大学/研究生","count(Occupation)":759}
{"Occupation":"其他","count(Occupation)":711}
{"Occupation":"执行/管理","count(Occupation)":679}
{"Occupation":"学术/教育者","count(Occupation)":528}
{"Occupation":"技师/工程师","count(Occupation)":502}
{"Occupation":"程序员","count(Occupation)":388}
{"Occupation":"销售/营销","count(Occupation)":302}
{"Occupation":"作家","count(Occupation)":281}
{"Occupation":"艺术家","count(Occupation)":267}
{"Occupation":"自雇人士","count(Occupation)":241}
{"Occupation":"医生/保健","count(Occupation)":236}
{"Occupation":"K-12学生","count(Occupation)":195}
{"Occupation":"牧师/管理员","count(Occupation)":173}
{"Occupation":"科学家","count(Occupation)":144}
{"Occupation":"退休","count(Occupation)":142}
{"Occupation":"律师","count(Occupation)":129}
{"Occupation":"客户服务","count(Occupation)":112}
{"Occupation":"家庭主妇","count(Occupation)":92}
{"Occupation":"失业","count(Occupation)":72}
{"Occupation":"匠人/工匠","count(Occupation)":70}
{"Occupation":"农民","count(Occupation)":17}
