{"type":"Comedy","num":356580}
{"type":"Drama","num":354529}
{"type":"Action","num":257457}
{"type":"Thriller","num":189680}
{"type":"Sci-Fi","num":157294}
{"type":"Romance","num":147523}
{"type":"Adventure","num":133953}
{"type":"Crime","num":79541}
{"type":"Horror","num":76386}
{"type":"Children's","num":72186}
{"type":"War","num":68527}
{"type":"Animation","num":43293}
{"type":"Musical","num":41533}
{"type":"Mystery","num":40178}
{"type":"Fantasy","num":36301}
{"type":"Western","num":20683}
{"type":"Film-Noir","num":18261}
{"type":"Documentary","num":7910}
