{"title":"Shawshank Redemption, The (1994)","sum_comments":2227,"avg_rating":4.55}
{"title":"Usual Suspects, The (1995)","sum_comments":1783,"avg_rating":4.52}
{"title":"Godfather, The (1972)","sum_comments":2223,"avg_rating":4.52}
{"title":"Schindler's List (1993)","sum_comments":2304,"avg_rating":4.51}
{"title":"Rear Window (1954)","sum_comments":1050,"avg_rating":4.48}
{"title":"Raiders of the Lost Ark (1981)","sum_comments":2514,"avg_rating":4.48}
{"title":"Star Wars: Episode IV - A New Hope (1977)","sum_comments":2991,"avg_rating":4.45}
{"title":"Dr. Strangelove or: How I Learned to Stop Worrying and Love the Bomb (1963)","sum_comments":1367,"avg_rating":4.45}
{"title":"Casablanca (1942)","sum_comments":1669,"avg_rating":4.41}
{"title":"Sixth Sense, The (1999)","sum_comments":2459,"avg_rating":4.41}
{"title":"Maltese Falcon, The (1941)","sum_comments":1043,"avg_rating":4.4}
{"title":"Citizen Kane (1941)","sum_comments":1116,"avg_rating":4.39}
{"title":"One Flew Over the Cuckoo's Nest (1975)","sum_comments":1725,"avg_rating":4.39}
{"title":"North by Northwest (1959)","sum_comments":1315,"avg_rating":4.38}
{"title":"Godfather: Part II, The (1974)","sum_comments":1692,"avg_rating":4.36}
{"title":"Silence of the Lambs, The (1991)","sum_comments":2578,"avg_rating":4.35}
{"title":"Monty Python and the Holy Grail (1974)","sum_comments":1599,"avg_rating":4.34}
{"title":"Chinatown (1974)","sum_comments":1185,"avg_rating":4.34}
{"title":"Saving Private Ryan (1998)","sum_comments":2653,"avg_rating":4.34}
{"title":"Life Is Beautiful (La Vita 锟� bella) (1997)","sum_comments":1152,"avg_rating":4.33}
{"title":"Sting, The (1973)","sum_comments":1049,"avg_rating":4.32}
{"title":"Matrix, The (1999)","sum_comments":2590,"avg_rating":4.32}
{"title":"American Beauty (1999)","sum_comments":3428,"avg_rating":4.32}
{"title":"Princess Bride, The (1987)","sum_comments":2318,"avg_rating":4.3}
{"title":"Boat, The (Das Boot) (1981)","sum_comments":1001,"avg_rating":4.3}
{"title":"Star Wars: Episode V - The Empire Strikes Back (1980)","sum_comments":2990,"avg_rating":4.29}
{"title":"Pulp Fiction (1994)","sum_comments":2171,"avg_rating":4.28}
{"title":"GoodFellas (1990)","sum_comments":1657,"avg_rating":4.28}
{"title":"Blade Runner (1982)","sum_comments":1800,"avg_rating":4.27}
{"title":"Fargo (1996)","sum_comments":2513,"avg_rating":4.25}
{"title":"Wizard of Oz, The (1939)","sum_comments":1718,"avg_rating":4.25}
{"title":"African Queen, The (1951)","sum_comments":1057,"avg_rating":4.25}
{"title":"Amadeus (1984)","sum_comments":1382,"avg_rating":4.25}
{"title":"Graduate, The (1967)","sum_comments":1261,"avg_rating":4.25}
{"title":"Young Frankenstein (1974)","sum_comments":1193,"avg_rating":4.25}
{"title":"Apocalypse Now (1979)","sum_comments":1176,"avg_rating":4.24}
{"title":"Christmas Story, A (1983)","sum_comments":1352,"avg_rating":4.24}
{"title":"Braveheart (1995)","sum_comments":2443,"avg_rating":4.23}
{"title":"Psycho (1960)","sum_comments":1263,"avg_rating":4.22}
{"title":"Butch Cassidy and the Sundance Kid (1969)","sum_comments":1419,"avg_rating":4.22}
{"title":"L.A. Confidential (1997)","sum_comments":2288,"avg_rating":4.22}
{"title":"Run Lola Run (Lola rennt) (1998)","sum_comments":1072,"avg_rating":4.22}
{"title":"Toy Story 2 (1999)","sum_comments":1585,"avg_rating":4.22}
{"title":"Sling Blade (1996)","sum_comments":1177,"avg_rating":4.21}
{"title":"Glory (1989)","sum_comments":1112,"avg_rating":4.19}
{"title":"Taxi Driver (1976)","sum_comments":1240,"avg_rating":4.18}
{"title":"This Is Spinal Tap (1984)","sum_comments":1118,"avg_rating":4.18}
{"title":"Good Will Hunting (1997)","sum_comments":1548,"avg_rating":4.18}
{"title":"Alien (1979)","sum_comments":2024,"avg_rating":4.16}
{"title":"Toy Story (1995)","sum_comments":2077,"avg_rating":4.15}
{"title":"Terminator, The (1984)","sum_comments":2098,"avg_rating":4.15}
{"title":"Green Mile, The (1999)","sum_comments":1222,"avg_rating":4.15}
{"title":"Reservoir Dogs (1992)","sum_comments":1259,"avg_rating":4.14}
{"title":"Annie Hall (1977)","sum_comments":1334,"avg_rating":4.14}
{"title":"Aliens (1986)","sum_comments":1820,"avg_rating":4.13}
{"title":"Indiana Jones and the Last Crusade (1989)","sum_comments":1628,"avg_rating":4.13}
{"title":"Shakespeare in Love (1998)","sum_comments":2369,"avg_rating":4.13}
{"title":"Being John Malkovich (1999)","sum_comments":2241,"avg_rating":4.13}
{"title":"Die Hard (1988)","sum_comments":1666,"avg_rating":4.12}
{"title":"M*A*S*H (1970)","sum_comments":1099,"avg_rating":4.12}
{"title":"Ferris Bueller's Day Off (1986)","sum_comments":1473,"avg_rating":4.12}
{"title":"Seven (Se7en) (1995)","sum_comments":1137,"avg_rating":4.11}
{"title":"Full Metal Jacket (1987)","sum_comments":1254,"avg_rating":4.11}
{"title":"Gladiator (2000)","sum_comments":1924,"avg_rating":4.11}
{"title":"Fugitive, The (1993)","sum_comments":1995,"avg_rating":4.1}
{"title":"Shining, The (1980)","sum_comments":1087,"avg_rating":4.1}
{"title":"Stand by Me (1986)","sum_comments":1785,"avg_rating":4.1}
{"title":"Forrest Gump (1994)","sum_comments":2194,"avg_rating":4.09}
{"title":"Platoon (1986)","sum_comments":1143,"avg_rating":4.09}
{"title":"Jaws (1975)","sum_comments":1697,"avg_rating":4.09}
{"title":"Clockwork Orange, A (1971)","sum_comments":1229,"avg_rating":4.08}
{"title":"Fight Club (1999)","sum_comments":1451,"avg_rating":4.08}
{"title":"Apollo 13 (1995)","sum_comments":1251,"avg_rating":4.07}
{"title":"2001: A Space Odyssey (1968)","sum_comments":1716,"avg_rating":4.07}
{"title":"When Harry Met Sally... (1989)","sum_comments":1568,"avg_rating":4.07}
{"title":"Terminator 2: Judgment Day (1991)","sum_comments":2649,"avg_rating":4.06}
{"title":"Hunt for Red October, The (1990)","sum_comments":1652,"avg_rating":4.05}
{"title":"Rain Man (1988)","sum_comments":1330,"avg_rating":4.05}
{"title":"Animal House (1978)","sum_comments":1207,"avg_rating":4.05}
{"title":"Blazing Saddles (1974)","sum_comments":1119,"avg_rating":4.05}
{"title":"Star Wars: Episode VI - Return of the Jedi (1983)","sum_comments":2883,"avg_rating":4.02}
{"title":"Raising Arizona (1987)","sum_comments":1434,"avg_rating":4.02}
{"title":"Untouchables, The (1987)","sum_comments":1127,"avg_rating":4.01}
{"title":"Close Encounters of the Third Kind (1977)","sum_comments":1451,"avg_rating":4.01}
{"title":"Gone with the Wind (1939)","sum_comments":1156,"avg_rating":4.0}
{"title":"Witness (1985)","sum_comments":1046,"avg_rating":4.0}
{"title":"Back to the Future (1985)","sum_comments":2583,"avg_rating":3.99}
{"title":"Fish Called Wanda, A (1988)","sum_comments":1326,"avg_rating":3.97}
{"title":"E.T. the Extra-Terrestrial (1982)","sum_comments":2269,"avg_rating":3.97}
{"title":"Airplane! (1980)","sum_comments":1731,"avg_rating":3.97}
{"title":"Twelve Monkeys (1995)","sum_comments":1511,"avg_rating":3.95}
{"title":"Clerks (1994)","sum_comments":1412,"avg_rating":3.95}
{"title":"Groundhog Day (1993)","sum_comments":2278,"avg_rating":3.95}
{"title":"As Good As It Gets (1997)","sum_comments":1424,"avg_rating":3.95}
{"title":"Blues Brothers, The (1980)","sum_comments":1341,"avg_rating":3.94}
{"title":"Rocky (1976)","sum_comments":1129,"avg_rating":3.94}
{"title":"Few Good Men, A (1992)","sum_comments":1061,"avg_rating":3.93}
{"title":"Election (1999)","sum_comments":1522,"avg_rating":3.93}
{"title":"High Fidelity (2000)","sum_comments":1373,"avg_rating":3.93}
{"title":"Dances with Wolves (1990)","sum_comments":1451,"avg_rating":3.92}
{"title":"Ghostbusters (1984)","sum_comments":2181,"avg_rating":3.91}
{"title":"There's Something About Mary (1998)","sum_comments":1371,"avg_rating":3.9}
{"title":"Babe (1995)","sum_comments":1751,"avg_rating":3.89}
{"title":"Beauty and the Beast (1991)","sum_comments":1060,"avg_rating":3.89}
{"title":"Mary Poppins (1964)","sum_comments":1011,"avg_rating":3.89}
{"title":"Lethal Weapon (1987)","sum_comments":1627,"avg_rating":3.89}
{"title":"Magnolia (1999)","sum_comments":1113,"avg_rating":3.89}
{"title":"Star Trek: The Wrath of Khan (1982)","sum_comments":1448,"avg_rating":3.88}
{"title":"Breakfast Club, The (1985)","sum_comments":1539,"avg_rating":3.88}
{"title":"Chicken Run (2000)","sum_comments":1329,"avg_rating":3.88}
{"title":"Full Monty, The (1997)","sum_comments":1199,"avg_rating":3.87}
{"title":"Lion King, The (1994)","sum_comments":1121,"avg_rating":3.86}
{"title":"Willy Wonka and the Chocolate Factory (1971)","sum_comments":1313,"avg_rating":3.86}
{"title":"Truman Show, The (1998)","sum_comments":1005,"avg_rating":3.86}
{"title":"Big (1988)","sum_comments":1491,"avg_rating":3.86}
{"title":"Erin Brockovich (2000)","sum_comments":1315,"avg_rating":3.86}
{"title":"Bug's Life, A (1998)","sum_comments":1703,"avg_rating":3.85}
{"title":"Rushmore (1998)","sum_comments":1220,"avg_rating":3.84}
{"title":"Bull Durham (1988)","sum_comments":1095,"avg_rating":3.84}
{"title":"X-Men (2000)","sum_comments":1511,"avg_rating":3.82}
{"title":"Grosse Pointe Blank (1997)","sum_comments":1136,"avg_rating":3.81}
{"title":"Three Kings (1999)","sum_comments":1021,"avg_rating":3.81}
{"title":"American President, The (1995)","sum_comments":1033,"avg_rating":3.79}
{"title":"Aladdin (1992)","sum_comments":1351,"avg_rating":3.79}
{"title":"My Cousin Vinny (1992)","sum_comments":1086,"avg_rating":3.78}
{"title":"Contact (1997)","sum_comments":1382,"avg_rating":3.77}
{"title":"Boogie Nights (1997)","sum_comments":1128,"avg_rating":3.77}
{"title":"Galaxy Quest (1999)","sum_comments":1728,"avg_rating":3.77}
{"title":"Jurassic Park (1993)","sum_comments":2672,"avg_rating":3.76}
{"title":"Jerry Maguire (1996)","sum_comments":1353,"avg_rating":3.76}
{"title":"Little Mermaid, The (1989)","sum_comments":1035,"avg_rating":3.76}
{"title":"South Park: Bigger, Longer and Uncut (1999)","sum_comments":1269,"avg_rating":3.76}
{"title":"Patriot Games (1992)","sum_comments":1052,"avg_rating":3.75}
{"title":"Patriot, The (2000)","sum_comments":1240,"avg_rating":3.75}
{"title":"Four Weddings and a Funeral (1994)","sum_comments":1233,"avg_rating":3.74}
{"title":"Men in Black (1997)","sum_comments":2538,"avg_rating":3.74}
{"title":"Big Lebowski, The (1998)","sum_comments":1097,"avg_rating":3.74}
{"title":"Clear and Present Danger (1994)","sum_comments":1059,"avg_rating":3.73}
{"title":"Crying Game, The (1992)","sum_comments":1229,"avg_rating":3.73}
{"title":"Sneakers (1992)","sum_comments":1091,"avg_rating":3.73}
{"title":"Good Morning, Vietnam (1987)","sum_comments":1082,"avg_rating":3.73}
{"title":"Rock, The (1996)","sum_comments":1340,"avg_rating":3.72}
{"title":"Star Trek: First Contact (1996)","sum_comments":1310,"avg_rating":3.71}
{"title":"Austin Powers: International Man of Mystery (1997)","sum_comments":1205,"avg_rating":3.71}
{"title":"Gattaca (1997)","sum_comments":1077,"avg_rating":3.71}
{"title":"Planet of the Apes (1968)","sum_comments":1162,"avg_rating":3.71}
{"title":"American Pie (1999)","sum_comments":1389,"avg_rating":3.71}
{"title":"Pleasantville (1998)","sum_comments":1158,"avg_rating":3.7}
{"title":"Top Gun (1986)","sum_comments":1010,"avg_rating":3.69}
{"title":"Romancing the Stone (1984)","sum_comments":1345,"avg_rating":3.69}
{"title":"Time Bandits (1981)","sum_comments":1010,"avg_rating":3.69}
{"title":"Abyss, The (1989)","sum_comments":1715,"avg_rating":3.68}
{"title":"Indiana Jones and the Temple of Doom (1984)","sum_comments":1127,"avg_rating":3.68}
{"title":"Total Recall (1990)","sum_comments":1996,"avg_rating":3.68}
{"title":"Who Framed Roger Rabbit? (1988)","sum_comments":1799,"avg_rating":3.68}
{"title":"League of Their Own, A (1992)","sum_comments":1099,"avg_rating":3.68}
{"title":"Thelma & Louise (1991)","sum_comments":1417,"avg_rating":3.68}
{"title":"Mad Max 2 (a.k.a. The Road Warrior) (1981)","sum_comments":1034,"avg_rating":3.67}
{"title":"Star Trek IV: The Voyage Home (1986)","sum_comments":1126,"avg_rating":3.66}
{"title":"Mad Max (1979)","sum_comments":1066,"avg_rating":3.66}
{"title":"Predator (1987)","sum_comments":1297,"avg_rating":3.65}
{"title":"Pretty Woman (1990)","sum_comments":1046,"avg_rating":3.64}
{"title":"Fifth Element, The (1997)","sum_comments":1377,"avg_rating":3.64}
{"title":"Thomas Crown Affair, The (1999)","sum_comments":1089,"avg_rating":3.64}
{"title":"True Lies (1994)","sum_comments":1400,"avg_rating":3.63}
{"title":"Get Shorty (1995)","sum_comments":1356,"avg_rating":3.62}
{"title":"Clueless (1995)","sum_comments":1362,"avg_rating":3.62}
{"title":"Batman (1989)","sum_comments":1431,"avg_rating":3.6}
{"title":"Wayne's World (1992)","sum_comments":1120,"avg_rating":3.6}
{"title":"Air Force One (1997)","sum_comments":1076,"avg_rating":3.59}
{"title":"Edward Scissorhands (1990)","sum_comments":1473,"avg_rating":3.59}
{"title":"Titanic (1997)","sum_comments":1546,"avg_rating":3.58}
{"title":"Speed (1994)","sum_comments":1650,"avg_rating":3.57}
{"title":"Beetlejuice (1988)","sum_comments":1495,"avg_rating":3.57}
{"title":"Lethal Weapon 2 (1989)","sum_comments":1011,"avg_rating":3.55}
{"title":"Die Hard 2 (1990)","sum_comments":1135,"avg_rating":3.54}
{"title":"Cocoon (1985)","sum_comments":1006,"avg_rating":3.54}
{"title":"Superman (1978)","sum_comments":1222,"avg_rating":3.54}
{"title":"Sleepy Hollow (1999)","sum_comments":1066,"avg_rating":3.52}
{"title":"Independence Day (ID4) (1996)","sum_comments":1730,"avg_rating":3.51}
{"title":"Ghost (1990)","sum_comments":1124,"avg_rating":3.5}
{"title":"Talented Mr. Ripley, The (1999)","sum_comments":1331,"avg_rating":3.5}
{"title":"Stargate (1994)","sum_comments":1116,"avg_rating":3.49}
{"title":"Robocop (1987)","sum_comments":1229,"avg_rating":3.45}
{"title":"Fly, The (1986)","sum_comments":1071,"avg_rating":3.44}
{"title":"Mission: Impossible (1996)","sum_comments":1527,"avg_rating":3.43}
{"title":"Splash (1984)","sum_comments":1163,"avg_rating":3.43}
{"title":"Star Trek VI: The Undiscovered Country (1991)","sum_comments":1001,"avg_rating":3.41}
{"title":"Star Wars: Episode I - The Phantom Menace (1999)","sum_comments":2250,"avg_rating":3.41}
{"title":"Face/Off (1997)","sum_comments":1421,"avg_rating":3.4}
{"title":"Austin Powers: The Spy Who Shagged Me (1999)","sum_comments":1434,"avg_rating":3.39}
{"title":"Perfect Storm, The (2000)","sum_comments":1013,"avg_rating":3.35}
{"title":"Back to the Future Part II (1989)","sum_comments":1158,"avg_rating":3.34}
{"title":"Mummy, The (1999)","sum_comments":1007,"avg_rating":3.32}
{"title":"Rocky Horror Picture Show, The (1975)","sum_comments":1233,"avg_rating":3.29}
{"title":"Mask, The (1994)","sum_comments":1179,"avg_rating":3.28}
{"title":"Back to the Future Part III (1990)","sum_comments":1148,"avg_rating":3.24}
{"title":"Mission: Impossible 2 (2000)","sum_comments":1313,"avg_rating":3.2}
{"title":"Armageddon (1998)","sum_comments":1110,"avg_rating":3.19}
{"title":"Twister (1996)","sum_comments":1110,"avg_rating":3.17}
{"title":"Starship Troopers (1997)","sum_comments":1163,"avg_rating":3.13}
{"title":"Lost World: Jurassic Park, The (1997)","sum_comments":1255,"avg_rating":3.04}
{"title":"Blair Witch Project, The (1999)","sum_comments":1237,"avg_rating":3.03}
{"title":"Arachnophobia (1990)","sum_comments":1367,"avg_rating":3.0}
{"title":"Batman Returns (1992)","sum_comments":1031,"avg_rating":2.98}
{"title":"Honey, I Shrunk the Kids (1989)","sum_comments":1045,"avg_rating":2.93}
{"title":"Mars Attacks! (1996)","sum_comments":1074,"avg_rating":2.9}
